Tile_id,Name,FilterName,Alpha_J2000,Delta_J2000,FWHM,Depth2FWHM5s,Depth3arc5s,Deptharcsec2,Zero_Point,Zero_Point_Error,Zero_Point_Procedure,TExposed,Efectime,NCombined,Datasum,Observation_Dates,Flag,Flag_Date
25999,1000001-JPLUS-01492-v2_uJAVA_swp,uJAVA,116.7072,40.1895,1.05881,22.4748211,22.0966377,23.1583042,21.1637573,0.0412646011,5,777.090027,729.73999,6,3081110642,2015-11-14 03:03:16 2015-11-14 03:07:04 2015-11-14 03:10:51 2017-01-06 01:39:44 2017-01-06 01:41:07 2017-01-06 01:42:28,None,None
26005,1000001-JPLUS-01492-v2_J0378_swp,J0378,116.7072,40.1895,1.40414,21.3147221,21.243021,22.3046856,20.5060463,0.0315352008,5,452.100006,428.790009,6,4065886269,2015-11-14 03:14:53 2015-11-14 03:16:15 2015-11-14 03:17:36 2017-01-06 02:00:25 2017-01-06 02:02:21 2017-01-06 02:04:18,None,None
26008,1000001-JPLUS-01492-v2_J0395_swp,J0395,116.7072,40.1895,1.32135999,21.5242004,21.3865242,22.4481907,20.4225311,0.0336069986,5,581.789978,542.700012,6,1957886321,2015-11-14 03:21:43 2015-11-14 03:23:48 2015-11-14 03:26:01 2017-01-06 02:13:10 2017-01-06 02:15:14 2017-01-06 02:17:18,None,None
26002,1000001-JPLUS-01492-v2_J0410_swp,J0410,116.7072,40.1895,1.30129004,21.5191765,21.3648834,22.426548,21.3906784,0.0238706991,5,240.990005,230.880005,6,3986109974,2015-11-14 03:29:32 2015-11-14 03:30:31 2015-11-14 03:31:33 2017-01-06 01:54:14 2017-01-06 01:55:24 2017-01-06 01:56:35,None,None
26004,1000001-JPLUS-01492-v2_J0430_swp,J0430,116.7072,40.1895,1.21213996,21.6013355,21.3699894,22.431654,21.4693375,0.0227575991,5,231.690002,219.919998,6,152189873,2015-11-14 03:33:12 2015-11-14 03:34:06 2015-11-14 03:35:26 2017-01-06 01:43:55 2017-01-06 01:45:04 2017-01-06 01:46:13,None,None
26009,1000001-JPLUS-01492-v2_gSDSS_swp,gSDSS,116.7072,40.1895,1.31862998,22.5399609,22.4000397,23.4617062,23.6494827,0.0271767993,5,201.389999,183.160004,15,739674395,2015-11-14 04:00:19 2015-11-14 04:07:24 2015-11-14 04:08:16 2015-12-03 00:45:15 2015-12-03 00:46:51 2015-12-03 00:47:34 2015-12-06 23:30:27 2015-12-06 23:31:09 2015-12-06 23:31:50 2015-12-19 22:09:46 2015-12-19 22:10:27 2015-12-19 22:11:08 2017-01-06 02:10:45 2017-01-06 02:11:29 2017-01-06 02:12:12,None,None
26003,1000001-JPLUS-01492-v2_J0515_swp,J0515,116.7072,40.1895,1.26929998,21.5694237,21.3881054,22.4497719,21.5935192,0.0259330999,5,226.889999,215.850006,6,3466436733,2015-11-14 03:36:58 2015-11-14 03:37:57 2015-11-14 03:38:55 2017-01-06 01:50:59 2017-01-06 01:52:03 2017-01-06 01:53:06,None,None
25998,1000001-JPLUS-01492-v2_rSDSS_swp,rSDSS,116.7072,40.1895,1.20811999,22.5220261,22.2870731,23.3487396,23.6203194,0.0204553995,5,284.76001,268.109985,15,2464459259,2015-11-14 04:09:15 2015-11-14 04:09:54 2015-11-14 04:10:31 2015-12-03 00:41:49 2015-12-03 00:43:32 2015-12-03 00:44:21 2015-12-06 23:27:57 2015-12-06 23:28:46 2015-12-06 23:29:34 2015-12-19 22:07:13 2015-12-19 22:08:04 2015-12-19 22:08:54 2017-01-06 01:58:00 2017-01-06 01:58:43 2017-01-06 01:59:26,None,None
26006,1000001-JPLUS-01492-v2_J0660_swp,J0660,116.7072,40.1895,1.23345006,22.0895443,21.8771191,22.9387856,21.054945,0.0169431008,5,969.390015,942.340027,6,2483889746,2015-11-14 03:40:20 2015-11-14 03:45:12 2015-11-14 03:49:59 2017-01-06 02:06:28 2017-01-06 02:07:50 2017-01-06 02:09:12,None,None
26000,1000001-JPLUS-01492-v2_iSDSS_swp,iSDSS,116.7072,40.1895,1.40838003,21.3994408,21.3310127,22.3926792,23.2859993,0.0171539001,5,94.7399979,91.7200012,6,1735055788,2015-11-14 04:11:43 2015-11-14 04:12:30 2015-11-14 04:13:14 2017-01-06 01:37:44 2017-01-06 01:38:18 2017-01-06 01:38:53,None,None
26001,1000001-JPLUS-01492-v2_J0861_swp,J0861,116.7072,40.1895,1.11682999,20.9797173,20.6594582,21.7211227,21.5532341,0.00618183985,5,282.299988,277.299988,6,362781975,2015-11-14 03:55:35 2015-11-14 03:56:54 2015-11-14 03:58:16 2017-01-06 01:47:37 2017-01-06 01:48:42 2017-01-06 01:49:45,None,None
26007,1000001-JPLUS-01492-v2_zSDSS_swp,zSDSS,116.7072,40.1895,1.23247004,20.918005,20.7047176,21.7663841,22.7331238,0.00644177012,5,143.190002,136.449997,6,321993804,2015-11-14 04:14:30 2015-11-14 04:15:25 2015-11-14 04:16:19 2017-01-06 02:19:37 2017-01-06 02:20:19 2017-01-06 02:20:59,None,None
27069,1000001-JPLUS-00421-v2_uJAVA_swp,uJAVA,256.5934,24.8733,1.24918997,22.2990952,22.1004372,23.1621037,21.0780907,0.0494173989,5,621,618.539978,3,3264921570,2016-07-03 22:25:06 2016-07-03 22:29:02 2016-07-03 22:32:58,None,None
29691,1000001-JPLUS-00421-v2_J0378_swp,J0378,256.5934,24.8733,1.30887997,21.8923798,21.7444019,22.8060665,20.4163494,0.036244601,5,660,657.789978,3,587278982,2016-07-03 22:54:49 2016-07-03 22:59:04 2016-07-03 23:03:12,None,None
31259,1000001-JPLUS-00421-v2_J0395_swp,J0395,256.5934,24.8733,1.29556,21.2024822,21.0433979,22.1050625,20.3317318,0.0372418016,5,294,293.559998,3,4235836058,2016-07-03 23:24:58 2016-07-03 23:27:04 2016-07-03 23:29:09,None,None
29166,1000001-JPLUS-00421-v2_J0410_swp,J0410,256.5934,24.8733,1.22033,21.1660347,20.9419994,22.0036659,21.2826748,0.0286065992,5,117,116.779999,3,2659792033,2016-07-03 22:48:34 2016-07-03 22:49:40 2016-07-03 22:50:47,None,None
27593,1000001-JPLUS-00421-v2_J0430_swp,J0430,256.5934,24.8733,1.12228,21.2791367,20.9641609,22.0258274,21.3799973,0.0279443003,5,111,110.790001,3,1827760188,2016-07-03 22:36:57 2016-07-03 22:38:03 2016-07-03 22:39:07,None,None
30731,1000001-JPLUS-00421-v2_gSDSS_swp,gSDSS,256.5934,24.8733,1.21017003,22.2494488,22.0163364,23.0780029,23.5529747,0.0353019983,5,114.059998,95.9499969,9,3262632875,2016-07-03 23:22:40 2016-07-03 23:23:24 2016-07-03 23:24:03 2017-02-01 04:22:49 2017-02-01 04:23:32 2017-02-01 04:24:13 2017-02-01 04:38:04 2017-02-01 04:38:47 2017-02-01 04:39:29,None,None
28641,1000001-JPLUS-00421-v2_J0515_swp,J0515,256.5934,24.8733,1.31101,21.2792549,21.1330414,22.1947079,21.4999695,0.0401264988,5,123,122.760002,3,1461662763,2016-07-03 22:45:02 2016-07-03 22:46:14 2016-07-03 22:47:21,None,None
26010,1000001-JPLUS-00421-v2_rSDSS_swp,rSDSS,256.5934,24.8733,1.14998996,22.0733662,21.784874,22.8465385,23.4943619,0.0228100996,5,135.179993,116.360001,9,674973798,2016-07-03 22:52:09 2016-07-03 22:52:58 2016-07-03 22:53:46 2017-02-01 04:24:58 2017-02-01 04:25:41 2017-02-01 04:26:23 2017-02-01 04:40:15 2017-02-01 04:40:57 2017-02-01 04:41:39,None,None
30214,1000001-JPLUS-00421-v2_J0660_swp,J0660,256.5934,24.8733,1.14221001,22.1883774,21.8925133,22.9541779,20.9534798,0.0232069995,5,810,808.849976,3,2720040927,2016-07-03 23:07:34 2016-07-03 23:12:32 2016-07-03 23:17:32,None,None
26551,1000001-JPLUS-00421-v2_iSDSS_swp,iSDSS,256.5934,24.8733,1.05876994,21.6486492,21.2704258,22.3320904,23.1359997,0.0229643993,5,109.019997,101.599998,9,3736671850,2016-07-03 22:22:07 2016-07-03 22:23:02 2016-07-03 22:23:56 2017-02-01 04:27:09 2017-02-01 04:27:43 2017-02-01 04:28:18 2017-02-01 04:42:26 2017-02-01 04:43:01 2017-02-01 04:43:35,None,None
28114,1000001-JPLUS-00421-v2_J0861_swp,J0861,256.5934,24.8733,1.06719995,20.6911831,20.3215694,21.383234,21.4392185,0.0069300402,5,180,179.979996,3,910005278,2016-07-03 22:40:27 2016-07-03 22:41:56 2016-07-03 22:43:24,None,None
31775,1000001-JPLUS-00421-v2_zSDSS_swp,zSDSS,256.5934,24.8733,1.10064995,20.5966301,20.2605247,21.3221912,22.4983864,0.00657173013,5,108,107.839996,3,3988773363,2016-07-03 23:31:28 2016-07-03 23:32:32 2016-07-03 23:33:40,None,None
27071,1000001-JPLUS-00525-v2_uJAVA_swp,uJAVA,256.7703,26.2657,1.12229002,22.4895496,22.1745853,23.2362499,21.0547352,0.0429593995,5,621,619.330017,3,897055953,2016-07-08 22:33:24 2016-07-08 22:37:23 2016-07-08 22:41:18,None,None
29692,1000001-JPLUS-00525-v2_J0378_swp,J0378,256.7703,26.2657,1.13931,22.1017246,21.8031006,22.8647652,20.3925476,0.0381453,5,660,659.570007,3,4144442425,2016-07-08 23:03:15 2016-07-08 23:07:22 2016-07-08 23:11:31,None,None
31258,1000001-JPLUS-00525-v2_J0395_swp,J0395,256.7703,26.2657,1.01920998,21.4567585,21.0371895,22.098856,20.3104095,0.038506601,5,294,293.880005,3,622209170,2016-07-08 23:33:22 2016-07-08 23:35:29 2016-07-08 23:37:34,None,None
29168,1000001-JPLUS-00525-v2_J0410_swp,J0410,256.7703,26.2657,1.05314004,21.3495159,20.9655037,22.0271683,21.2675362,0.0273263995,5,117,116.959999,3,2347843919,2016-07-08 22:56:58 2016-07-08 22:58:05 2016-07-08 22:59:12,None,None
27594,1000001-JPLUS-00525-v2_J0430_swp,J0430,256.7703,26.2657,1.04741001,21.3577461,20.9678097,22.0294743,21.3657875,0.0259997994,5,111,110.809998,3,4217682284,2016-07-08 22:45:17 2016-07-08 22:46:22 2016-07-08 22:47:26,None,None
30733,1000001-JPLUS-00525-v2_gSDSS_swp,gSDSS,256.7703,26.2657,1.02306998,22.1850262,21.7695618,22.8312263,23.5603943,0.0244497992,5,39,38.9900017,3,319410423,2016-07-08 23:31:04 2016-07-08 23:31:47 2016-07-08 23:32:27,None,None
28643,1000001-JPLUS-00525-v2_J0515_swp,J0515,256.7703,26.2657,1.02476001,21.5474911,21.1338177,22.1954823,21.5025978,0.0283356998,5,123,122.900002,3,1771745266,2016-07-08 22:53:27 2016-07-08 22:54:37 2016-07-08 22:55:45,None,None
26012,1000001-JPLUS-00525-v2_rSDSS_swp,rSDSS,256.7703,26.2657,0.986051023,22.1747494,21.7192707,22.7809353,23.5254688,0.0154213002,5,60,59.9700012,3,3495354622,2016-07-08 23:00:34 2016-07-08 23:01:24 2016-07-08 23:02:11,None,None
30212,1000001-JPLUS-00525-v2_J0660_swp,J0660,256.7703,26.2657,1.13979995,22.2839394,21.9857826,23.0474491,20.9897594,0.0143064996,5,810,809,3,122110496,2016-07-08 23:15:54 2016-07-08 23:20:56 2016-07-08 23:25:55,None,None
26549,1000001-JPLUS-00525-v2_iSDSS_swp,iSDSS,256.7703,26.2657,0.990962982,21.6609688,21.2108841,22.2725487,23.1620007,0.0186873991,5,78,77.9499969,3,1112962662,2016-07-08 22:30:24 2016-07-08 22:31:20 2016-07-08 22:32:14,None,None
28117,1000001-JPLUS-00525-v2_J0861_swp,J0861,256.7703,26.2657,0.942324996,20.9594765,20.4547501,21.5164165,21.4753952,0.00938765984,5,180,179.929993,3,1219324485,2016-07-08 22:48:47 2016-07-08 22:50:16 2016-07-08 22:51:48,None,None
31778,1000001-JPLUS-00525-v2_zSDSS_swp,zSDSS,256.7703,26.2657,0.933947027,21.0866833,20.5722618,21.6339264,22.520359,0.00911302026,5,108,107.959999,3,2036337964,2016-07-08 23:39:54 2016-07-08 23:40:57 2016-07-08 23:42:02,None,None
27072,1000001-JPLUS-00526-v2_uJAVA_swp,uJAVA,258.3111,26.2657,1.04052997,21.0748367,20.6777458,21.7394104,21.0391006,0.0311347991,5,114.900002,114.650002,3,3953582831,2016-07-09 22:04:42 2016-07-09 22:05:51 2016-07-09 22:07:01,None,None
29693,1000001-JPLUS-00526-v2_J0378_swp,J0378,258.3111,26.2657,1.11047006,20.7831287,20.4566669,21.5183334,20.378727,0.0328688994,5,158.699997,158.210007,3,2634021324,2016-07-09 22:43:10 2016-07-09 22:44:31 2016-07-09 22:45:52,None,None
31260,1000001-JPLUS-00526-v2_J0395_swp,J0395,258.3111,26.2657,1.16655004,20.7599525,20.4869823,21.5486469,20.2943382,0.0334317982,5,175.5,173.460007,3,2909859269,2016-07-09 22:54:08 2016-07-09 22:55:35 2016-07-09 23:23:39,None,None
29169,1000001-JPLUS-00526-v2_J0410_swp,J0410,258.3111,26.2657,1.03144002,21.0197086,20.6130905,21.6747551,21.2580147,0.0230858009,5,84.9000015,84.8799973,3,3670772391,2016-07-09 22:31:05 2016-07-09 22:32:00 2016-07-09 22:32:59,None,None
27595,1000001-JPLUS-00526-v2_J0430_swp,J0430,258.3111,26.2657,1.01501,21.0805759,20.6565247,21.7181892,21.3546257,0.0215553008,5,86.6999969,86.4700012,3,82432494,2016-07-09 22:08:12 2016-07-09 22:09:09 2016-07-09 22:10:05,None,None
30734,1000001-JPLUS-00526-v2_gSDSS_swp,gSDSS,258.3111,26.2657,1.12440002,22.4820805,22.1691551,23.2308216,23.5623436,0.0205154996,5,156,151.369995,12,3894195063,2016-07-09 22:51:52 2016-07-09 22:52:33 2016-07-09 22:53:13 2016-07-24 00:25:16 2016-07-24 00:26:00 2016-07-24 00:26:42 2016-08-01 21:15:08 2016-08-01 21:15:53 2016-08-01 21:16:35 2016-08-12 20:44:16 2016-08-12 20:45:00 2016-08-12 20:45:42,None,None
28642,1000001-JPLUS-00526-v2_J0515_swp,J0515,258.3111,26.2657,0.968510985,21.136467,20.6615009,21.7231655,21.5062885,0.0227742009,5,77.4000015,76.8700027,3,3471484489,2016-07-09 22:21:21 2016-07-09 22:22:18 2016-07-09 22:30:07,None,None
26013,1000001-JPLUS-00526-v2_rSDSS_swp,rSDSS,258.3111,26.2657,1.10198998,22.5594444,22.2246609,23.2863255,23.5510368,0.0117113004,5,240,235.960007,12,291468016,2016-07-09 22:34:10 2016-07-09 22:34:58 2016-07-09 22:39:41 2016-07-24 00:22:41 2016-07-24 00:23:32 2016-07-24 00:24:23 2016-08-01 21:12:37 2016-08-01 21:13:27 2016-08-01 21:14:15 2016-08-12 20:41:40 2016-08-12 20:42:30 2016-08-12 20:43:21,None,None
30218,1000001-JPLUS-00526-v2_J0660_swp,J0660,258.3111,26.2657,1.02987003,21.2885876,20.8803158,21.9419804,21.0031147,0.0100923004,5,168.899994,168.710007,3,1081485091,2016-07-09 22:47:28 2016-07-09 22:48:54 2016-07-09 22:50:18,None,None
26573,1000001-JPLUS-00526-v2_iSDSS_swp,iSDSS,258.3111,26.2657,0.954509974,21.2300014,20.7392235,21.80089,23.1790009,0.0102720996,5,30.8999996,30.8700008,3,1360753235,2016-07-09 22:02:30 2016-07-09 22:03:08 2016-07-09 22:03:47,None,None
28119,1000001-JPLUS-00526-v2_J0861_swp,J0861,258.3111,26.2657,0.96006602,21.6607246,21.1762486,22.237915,21.4997063,0.00377621991,5,508.799988,508.130005,3,337097923,2016-07-09 22:11:17 2016-07-09 22:14:35 2016-07-09 22:17:53,None,None
31779,1000001-JPLUS-00526-v2_zSDSS_swp,zSDSS,258.3111,26.2657,1.07595003,21.7527466,21.3919983,22.4536629,22.5298729,0.00366949989,5,393.899994,392.899994,3,1034308550,2016-07-09 23:01:14 2016-07-09 23:03:56 2016-07-09 23:13:02,None,None
27065,1000001-JPLUS-00316-v2_uJAVA_swp,uJAVA,256.5089,23.4809,1.36327004,21.596817,21.4930439,22.5547085,21.0962238,0.0428792015,5,621,620.5,3,3971366581,2016-06-23 22:45:00 2016-06-23 22:48:57 2016-06-23 22:52:54,None,None
29688,1000001-JPLUS-00316-v2_J0378_swp,J0378,256.5089,23.4809,1.36491001,21.1631031,21.0606346,22.1223011,20.4446907,0.0417217985,5,660,659.599976,3,1213631274,2016-06-23 23:14:57 2016-06-23 23:19:05 2016-06-23 23:23:15,None,None
31254,1000001-JPLUS-00316-v2_J0395_swp,J0395,256.5089,23.4809,1.28305995,20.6183243,20.4487133,21.5103798,20.3623657,0.0369460993,5,294,293.75,3,908002541,2016-06-23 23:45:01 2016-06-23 23:47:07 2016-06-23 23:49:16,None,None
29164,1000001-JPLUS-00316-v2_J0410_swp,J0410,256.5089,23.4809,1.36430001,20.4023838,20.2994289,21.3610954,21.3221016,0.0307356007,5,117,116.440002,3,2661889154,2016-06-23 23:08:39 2016-06-23 23:09:46 2016-06-23 23:10:53,None,None
27591,1000001-JPLUS-00316-v2_J0430_swp,J0430,256.5089,23.4809,1.29136002,20.5491829,20.3865738,21.4482384,21.42033,0.0289408006,5,111,110.849998,3,132783345,2016-06-23 22:56:54 2016-06-23 22:58:02 2016-06-23 22:59:06,None,None
30729,1000001-JPLUS-00316-v2_gSDSS_swp,gSDSS,256.5089,23.4809,1.15634,21.1276035,20.845089,21.9067554,23.5972137,0.0288638007,5,39,38.9599991,3,1212450948,2016-06-23 23:42:44 2016-06-23 23:43:25 2016-06-23 23:44:06,None,None
28637,1000001-JPLUS-00316-v2_J0515_swp,J0515,256.5089,23.4809,1.17887998,20.713459,20.4519043,21.5135708,21.5479984,0.0341644995,5,123,122.870003,3,1241569827,2016-06-23 23:05:03 2016-06-23 23:06:14 2016-06-23 23:07:26,None,None
26015,1000001-JPLUS-00316-v2_rSDSS_swp,rSDSS,256.5089,23.4809,1.28593004,21.2462368,21.079052,22.1407166,23.5634804,0.0163931008,5,60,59.9599991,3,1682960452,2016-06-23 23:12:16 2016-06-23 23:13:05 2016-06-23 23:13:54,None,None
30204,1000001-JPLUS-00316-v2_J0660_swp,J0660,256.5089,23.4809,1.28287995,21.4197693,21.2500057,22.3116722,21.0194817,0.0165231004,5,810,809.140015,3,1626722183,2016-06-23 23:27:39 2016-06-23 23:32:37 2016-06-23 23:37:35,None,None
26576,1000001-JPLUS-00316-v2_iSDSS_swp,iSDSS,256.5089,23.4809,1.09963,21.2119522,20.8748417,21.9365063,23.2040005,0.0191449001,5,78,77.9599991,3,2727679085,2016-06-23 22:42:01 2016-06-23 22:42:55 2016-06-23 22:43:50,None,None
28113,1000001-JPLUS-00316-v2_J0861_swp,J0861,256.5089,23.4809,1.08336997,20.6094494,20.2561626,21.3178272,21.499836,0.00346349995,5,180,179.899994,3,4291520669,2016-06-23 23:00:27 2016-06-23 23:01:57 2016-06-23 23:03:25,None,None
31774,1000001-JPLUS-00316-v2_zSDSS_swp,zSDSS,256.5089,23.4809,1.21589994,20.6785851,20.4506016,21.5122662,22.5923958,0.00352999009,5,108,107.82,3,2756452141,2016-06-23 23:51:36 2016-06-23 23:52:40 2016-06-23 23:53:47,None,None
27066,1000001-JPLUS-00315-v2_uJAVA_swp,uJAVA,255.0013,23.4809,1.20801997,22.3303127,22.0952702,23.1569347,21.1806355,0.0368461981,5,1035,990.330017,5,1374617536,2016-06-07 23:28:15 2016-06-07 23:32:14 2016-06-22 22:26:53 2016-06-22 22:30:52 2016-06-22 22:34:52,None,None
29687,1000001-JPLUS-00315-v2_J0378_swp,J0378,255.0013,23.4809,1.30446005,22.0418797,21.8902283,22.9518948,20.5078773,0.0364822,5,1320,1261.08997,6,741429418,2016-06-07 23:54:28 2016-06-07 23:58:39 2016-06-08 00:02:49 2016-06-22 22:56:56 2016-06-22 23:01:06 2016-06-22 23:05:17,None,None
31255,1000001-JPLUS-00315-v2_J0395_swp,J0395,255.0013,23.4809,1.29943001,21.323101,21.1672554,22.2289219,20.425148,0.0362905003,5,588,561.419983,6,2833010071,2016-06-08 00:24:40 2016-06-08 00:26:47 2016-06-08 00:28:55 2016-06-22 23:27:05 2016-06-22 23:29:11 2016-06-22 23:31:21,None,None
29163,1000001-JPLUS-00315-v2_J0410_swp,J0410,255.0013,23.4809,1.31526005,21.2285442,21.085844,22.1475105,21.3760109,0.0264778994,5,234,225.410004,6,1040901664,2016-06-07 23:48:07 2016-06-07 23:49:16 2016-06-07 23:50:24 2016-06-22 22:50:37 2016-06-22 22:51:44 2016-06-22 22:52:54,None,None
27590,1000001-JPLUS-00315-v2_J0430_swp,J0430,255.0013,23.4809,1.13164997,21.4091148,21.1031685,22.1648331,21.4626598,0.0246354006,5,222,214.589996,6,3107153893,2016-06-07 23:36:14 2016-06-07 23:37:21 2016-06-07 23:38:27 2016-06-22 22:38:52 2016-06-22 22:39:59 2016-06-22 22:41:04,None,None
30736,1000001-JPLUS-00315-v2_gSDSS_swp,gSDSS,255.0013,23.4809,1.16190004,22.130888,21.8535805,22.915247,23.644413,0.0276608001,5,78,75.9599991,6,4113545906,2016-06-08 00:22:19 2016-06-08 00:23:02 2016-06-08 00:23:45 2016-06-22 23:24:48 2016-06-22 23:25:30 2016-06-22 23:26:10,None,None
28638,1000001-JPLUS-00315-v2_J0515_swp,J0515,255.0013,23.4809,1.14862001,21.5794182,21.2896309,22.3512974,21.5936298,0.0286235008,5,246,239.710007,6,1178005250,2016-06-07 23:44:27 2016-06-07 23:45:41 2016-06-07 23:46:53 2016-06-22 22:47:02 2016-06-22 22:48:14 2016-06-22 22:49:23,None,None
26016,1000001-JPLUS-00315-v2_rSDSS_swp,rSDSS,255.0013,23.4809,1.13437998,22.1878567,21.8845253,22.9461899,23.6126823,0.0164896995,5,120,118.32,6,1453762187,2016-06-07 23:51:47 2016-06-07 23:52:37 2016-06-07 23:53:25 2016-06-22 22:54:17 2016-06-22 22:55:05 2016-06-22 22:55:53,None,None
30207,1000001-JPLUS-00315-v2_J0660_swp,J0660,255.0013,23.4809,1.16978002,22.4017124,22.1317444,23.1934109,21.0686798,0.0164730996,5,1620,1595.69995,6,3057059206,2016-06-08 00:07:12 2016-06-08 00:12:12 2016-06-08 00:17:12 2016-06-22 23:09:41 2016-06-22 23:14:40 2016-06-22 23:19:40,None,None
26577,1000001-JPLUS-00315-v2_iSDSS_swp,iSDSS,255.0013,23.4809,1.04115999,21.6903191,21.2938843,22.3555489,23.2450008,0.0172228999,5,156,154.860001,6,3948208756,2016-06-07 23:21:15 2016-06-07 23:22:12 2016-06-07 23:23:08 2016-06-22 22:23:53 2016-06-22 22:24:47 2016-06-22 22:25:43,None,None
28111,1000001-JPLUS-00315-v2_J0861_swp,J0861,255.0013,23.4809,0.977210999,21.1965332,20.7312756,21.792942,21.5543728,0.00633114995,5,360,356.589996,6,3339543196,2016-06-07 23:39:48 2016-06-07 23:41:17 2016-06-07 23:42:47 2016-06-22 22:42:25 2016-06-22 22:43:53 2016-06-22 22:45:23,None,None
31773,1000001-JPLUS-00315-v2_zSDSS_swp,zSDSS,255.0013,23.4809,0.97488898,21.4184895,20.9506493,22.0123138,22.6184578,0.00673067011,5,216,213.570007,6,4173510826,2016-06-08 00:31:15 2016-06-08 00:32:20 2016-06-08 00:33:26 2016-06-22 23:33:41 2016-06-22 23:34:47 2016-06-22 23:35:52,None,None
27073,1000001-JPLUS-00739-v2_uJAVA_swp,uJAVA,112.2039,30.4428,1.38378,21.0365734,20.9490128,22.0106773,21.1261101,0.0450509004,5,141.600006,141.220001,3,2477115842,2017-02-17 23:57:02 2017-02-17 23:58:16 2017-02-17 23:59:33,None,None
29695,1000001-JPLUS-00739-v2_J0378_swp,J0378,112.2039,30.4428,1.75967002,20.6879635,20.8613148,21.9229794,20.4719563,0.0368447006,5,239.399994,237.389999,3,1432103133,2017-02-18 00:16:35 2017-02-18 00:18:23 2017-02-18 00:20:11,None,None
31261,1000001-JPLUS-00739-v2_J0395_swp,J0395,112.2039,30.4428,1.88097,20.6644344,20.910162,21.9718266,20.3905945,0.0474264994,5,266.309998,264.040009,3,3556003895,2017-02-18 00:28:34 2017-02-18 00:30:31 2017-02-18 00:32:29,None,None
29170,1000001-JPLUS-00739-v2_J0410_swp,J0410,112.2039,30.4428,1.99600005,20.6362591,20.9464321,22.0080967,21.3658047,0.0335482992,5,115.199997,114.510002,3,3074978957,2017-02-18 00:10:42 2017-02-18 00:11:49 2017-02-18 00:12:54,None,None
27596,1000001-JPLUS-00739-v2_J0430_swp,J0430,112.2039,30.4428,1.40684998,21.0864925,21.0168839,22.0785484,21.4537697,0.0303866006,5,112.5,111.910004,3,3490787687,2017-02-18 00:00:53 2017-02-18 00:01:58 2017-02-18 00:03:03,None,None
30737,1000001-JPLUS-00739-v2_gSDSS_swp,gSDSS,112.2039,30.4428,1.87221003,21.3468933,21.5875511,22.6492157,23.6303005,0.0315428004,5,39.1500015,39.0200005,3,3693901776,2017-02-18 00:26:18 2017-02-18 00:26:58 2017-02-18 00:27:39,None,None
28645,1000001-JPLUS-00739-v2_J0515_swp,J0515,112.2039,30.4428,1.53678,20.9314213,20.9577217,22.0193882,21.6055107,0.0356876999,5,97.5899963,97.2399979,3,1652266826,2017-02-18 00:07:36 2017-02-18 00:08:37 2017-02-18 00:09:38,None,None
26017,1000001-JPLUS-00739-v2_rSDSS_swp,rSDSS,112.2039,30.4428,1.56589997,21.3007088,21.3473911,22.4090576,23.6184731,0.0220977999,5,39.0900002,38.9700012,3,3181637836,2017-02-18 00:14:15 2017-02-18 00:14:56 2017-02-18 00:15:38,None,None
30211,1000001-JPLUS-00739-v2_J0660_swp,J0660,112.2039,30.4428,1.69229996,20.5526409,20.6836071,21.7452717,21.063427,0.0184751004,5,149.910004,149.5,3,1176378851,2017-02-18 00:22:13 2017-02-18 00:23:31 2017-02-18 00:24:49,None,None
26566,1000001-JPLUS-00739-v2_iSDSS_swp,iSDSS,112.2039,30.4428,1.01301003,20.6634064,20.2372131,21.2988777,23.2759991,0.0176455993,5,15.7799997,15.7600002,3,298503060,2017-02-17 23:55:04 2017-02-17 23:55:38 2017-02-17 23:56:13,None,None
28120,1000001-JPLUS-00739-v2_J0861_swp,J0861,112.2039,30.4428,1.40667999,20.1486835,20.0789433,21.1406097,21.5505867,0.00469144993,5,96.5100021,96.1699982,3,3675672123,2017-02-18 00:04:24 2017-02-18 00:05:24 2017-02-18 00:06:26,None,None
31781,1000001-JPLUS-00739-v2_zSDSS_swp,zSDSS,112.2039,30.4428,1.39616001,19.9497261,19.8718357,20.9335022,22.694521,0.0045233001,5,33.2099991,33.1699982,3,2120582737,2017-02-18 00:34:40 2017-02-18 00:35:20 2017-02-18 00:36:00,None,None
27068,1000001-JPLUS-00317-v2_uJAVA_swp,uJAVA,258.0164,23.4809,1.52504003,22.1380043,22.1559792,23.2176456,21.0214577,0.0409049988,5,621,615.200012,3,1064728944,2016-07-02 21:42:56 2016-07-02 21:46:56 2016-07-02 21:50:51,None,None
29690,1000001-JPLUS-00317-v2_J0378_swp,J0378,258.0164,23.4809,1.62709999,21.6808071,21.7691135,22.83078,20.3867645,0.0400586016,5,660,657.48999,3,1714007797,2016-07-02 22:20:47 2016-07-02 22:24:55 2016-07-02 22:29:03,None,None
31256,1000001-JPLUS-00317-v2_J0395_swp,J0395,258.0164,23.4809,1.42264998,21.0911961,21.0337143,22.0953789,20.3170319,0.0420074984,5,294,293.779999,3,2952978272,2016-07-02 22:50:46 2016-07-02 22:52:52 2016-07-02 22:54:57,None,None
29165,1000001-JPLUS-00317-v2_J0410_swp,J0410,258.0164,23.4809,1.85381997,20.7277241,20.9576664,22.019331,21.2675381,0.0312047992,5,117,116.489998,3,545896617,2016-07-02 22:14:32 2016-07-02 22:15:39 2016-07-02 22:16:45,None,None
27592,1000001-JPLUS-00317-v2_J0430_swp,J0430,258.0164,23.4809,1.47660995,20.7733746,20.7563095,21.817976,21.3618011,0.0279064998,5,74,73.5999985,2,297036247,2016-07-02 21:54:51 2016-07-02 22:04:26,None,None
30730,1000001-JPLUS-00317-v2_gSDSS_swp,gSDSS,258.0164,23.4809,1.39792001,21.8606091,21.7840862,22.8457527,23.578907,0.0317111015,5,39,38.8199997,3,2326922792,2016-07-02 22:48:30 2016-07-02 22:49:11 2016-07-02 22:49:52,None,None
28639,1000001-JPLUS-00317-v2_J0515_swp,J0515,258.0164,23.4809,1.66913998,20.8315582,20.9475613,22.0092278,21.522892,0.0326543003,5,82,81.9000015,2,809566244,2016-07-02 22:12:06 2016-07-02 22:13:19,None,None
26018,1000001-JPLUS-00317-v2_rSDSS_swp,rSDSS,258.0164,23.4809,1.55298996,21.7178822,21.7555752,22.8172417,23.5523834,0.0168909002,5,60,59.8499985,3,636847211,2016-07-02 22:18:07 2016-07-02 22:18:54 2016-07-02 22:19:44,None,None
30208,1000001-JPLUS-00317-v2_J0660_swp,J0660,258.0164,23.4809,1.38413,22.1142159,22.0269299,23.0885963,21.0178261,0.0150736999,5,810,807.890015,3,1926150053,2016-07-02 22:33:26 2016-07-02 22:38:24 2016-07-02 22:43:22,None,None
26575,1000001-JPLUS-00317-v2_iSDSS_swp,iSDSS,258.0164,23.4809,1.31647003,21.4498138,21.3081131,22.3697796,23.1940002,0.0172681008,5,78,77.7900009,3,2295411494,2016-07-02 21:39:55 2016-07-02 21:40:50 2016-07-02 21:41:46,None,None
28115,1000001-JPLUS-00317-v2_J0861_swp,J0861,258.0164,23.4809,1.19017005,20.8028889,20.5516834,21.6133499,21.5053635,0.00631394004,5,180,179.699997,3,2602655268,2016-07-02 22:05:47 2016-07-02 22:07:18 2016-07-02 22:08:50,None,None
31776,1000001-JPLUS-00317-v2_zSDSS_swp,zSDSS,258.0164,23.4809,1.16808999,20.9016552,20.6301174,21.691782,22.5790787,0.00620918022,5,108,107.790001,3,1931199086,2016-07-02 22:57:17 2016-07-02 22:58:22 2016-07-02 22:59:27,None,None
27075,1000001-JPLUS-00744-v2_uJAVA_swp,uJAVA,120.2082,30.4428,1.24846005,21.1494656,20.9501724,22.0118389,21.125061,0.0231513008,5,134.789993,134.320007,3,1612496106,2017-02-20 19:38:28 2017-02-20 19:39:41 2017-02-20 19:40:56,None,None
29702,1000001-JPLUS-00744-v2_J0378_swp,J0378,120.2082,30.4428,1.19052005,21.1450615,20.8941746,21.9558411,20.4708252,0.0219855998,5,229.589996,228.639999,3,3562558840,2017-02-20 19:57:40 2017-02-20 19:59:25 2017-02-20 20:01:09,None,None
31262,1000001-JPLUS-00744-v2_J0395_swp,J0395,120.2082,30.4428,1.20617998,21.1748753,20.9381771,21.9998417,20.3758602,0.0224992,5,255.990005,255.380005,3,3540549981,2017-02-20 20:09:20 2017-02-20 20:11:13 2017-02-20 20:13:06,None,None
29172,1000001-JPLUS-00744-v2_J0410_swp,J0410,120.2082,30.4428,1.20323002,21.1438065,20.9044495,21.966116,21.3378563,0.0145009998,5,111,110.919998,3,1913982760,2017-02-20 19:51:53 2017-02-20 19:53:00 2017-02-20 19:54:07,None,None
27597,1000001-JPLUS-00744-v2_J0430_swp,J0430,120.2082,30.4428,1.21527004,21.1651173,20.9365711,21.9982357,21.412693,0.0157570001,5,108.510002,108.410004,3,64360292,2017-02-20 19:42:14 2017-02-20 19:43:17 2017-02-20 19:44:21,None,None
30738,1000001-JPLUS-00744-v2_gSDSS_swp,gSDSS,120.2082,30.4428,1.50299001,23.0781326,23.0802956,24.1419601,23.6039505,0.0155224996,5,476.130005,426.950012,9,3326119820,2017-02-20 20:07:07 2017-02-20 20:07:47 2017-02-20 20:08:26 2017-04-15 20:20:48 2017-04-15 20:23:18 2017-04-15 20:25:46 2017-04-21 20:56:54 2017-04-21 20:57:51 2017-04-21 20:58:48,None,None
28646,1000001-JPLUS-00744-v2_J0515_swp,J0515,120.2082,30.4428,1.14968002,21.1938591,20.9050732,21.9667397,21.56283,0.0131155001,5,94.5,94.4100037,3,2218488305,2017-02-20 19:48:49 2017-02-20 19:49:50 2017-02-20 19:50:49,None,None
26019,1000001-JPLUS-00744-v2_rSDSS_swp,rSDSS,120.2082,30.4428,1.38855004,22.8398209,22.7559948,23.8176613,23.5863724,0.0112252999,5,502.679993,469.970001,9,1505246901,2017-02-20 19:55:27 2017-02-20 19:56:06 2017-02-20 19:56:46 2017-04-15 20:28:18 2017-04-15 20:30:55 2017-04-15 20:33:34 2017-04-21 20:59:50 2017-04-21 21:00:47 2017-04-21 21:01:44,None,None
30215,1000001-JPLUS-00744-v2_J0660_swp,J0660,120.2082,30.4428,1.05166996,21.1455421,20.7600136,21.8216782,21.0541496,0.00815363973,5,145.289993,145.130005,3,3791538382,2017-02-20 20:03:08 2017-02-20 20:04:25 2017-02-20 20:05:41,None,None
26568,1000001-JPLUS-00744-v2_iSDSS_swp,iSDSS,120.2082,30.4428,1.28555,21.8113499,21.6438427,22.7055092,23.2770004,0.00870210957,5,173.309998,160.940002,9,2736069645,2017-02-20 19:36:32 2017-02-20 19:37:06 2017-02-20 19:37:39 2017-04-15 20:36:15 2017-04-15 20:37:26 2017-04-15 20:38:38 2017-04-21 21:02:46 2017-04-21 21:03:26 2017-04-21 21:04:07,None,None
28122,1000001-JPLUS-00744-v2_J0861_swp,J0861,120.2082,30.4428,1.06113005,20.6746426,20.2988358,21.3605022,21.5441608,0.00450614002,5,93.6900024,93.5999985,3,3155159977,2017-02-20 19:45:39 2017-02-20 19:46:39 2017-02-20 19:47:39,None,None
31782,1000001-JPLUS-00744-v2_zSDSS_swp,zSDSS,120.2082,30.4428,1.20551002,20.3720989,20.134798,21.1964645,22.743824,0.00431849016,5,32.3100014,32.2200012,3,87258289,2017-02-20 20:15:13 2017-02-20 20:15:53 2017-02-20 20:16:33,None,None
27083,1000001-JPLUS-00753-v2_uJAVA_swp,uJAVA,134.6159,30.4428,1.21354997,21.2439327,21.0138474,22.0755138,21.1843052,0.0294378996,5,135.389999,135.130005,3,3753047505,2017-03-17 19:47:33 2017-03-17 19:48:47 2017-03-17 19:49:59,None,None
29700,1000001-JPLUS-00753-v2_J0378_swp,J0378,134.6159,30.4428,1.27909005,21.1108971,20.9379215,21.999588,20.4991188,0.0315641984,5,230.490005,230.300003,3,2718649275,2017-03-17 20:06:40 2017-03-17 20:08:25 2017-03-17 20:10:09,None,None
31274,1000001-JPLUS-00753-v2_J0395_swp,J0395,134.6159,30.4428,1.21201003,21.1943283,20.9628658,22.0245304,20.3961792,0.0301695,5,257.01001,256.619995,3,3476803654,2017-03-17 20:18:25 2017-03-17 20:20:18 2017-03-17 20:22:11,None,None
29179,1000001-JPLUS-00753-v2_J0410_swp,J0410,134.6159,30.4428,1.23388004,21.1725349,20.9604893,22.0221558,21.3674335,0.0185349006,5,111.389999,111.330002,3,323932719,2017-03-17 20:00:56 2017-03-17 20:02:01 2017-03-17 20:03:08,None,None
27605,1000001-JPLUS-00753-v2_J0430_swp,J0430,134.6159,30.4428,1.13556004,21.2876377,20.9854355,22.0471001,21.4395542,0.0167934,5,108.900002,108.720001,3,243284663,2017-03-17 19:51:17 2017-03-17 19:52:21 2017-03-17 19:53:25,None,None
30747,1000001-JPLUS-00753-v2_gSDSS_swp,gSDSS,134.6159,30.4428,1.14819002,21.9888821,21.6986885,22.7603531,23.633316,0.0163828991,5,36.5099983,36.4900017,3,1688913891,2017-03-17 20:16:10 2017-03-17 20:16:52 2017-03-17 20:17:31,None,None
28657,1000001-JPLUS-00753-v2_J0515_swp,J0515,134.6159,30.4428,1.07616997,21.2809525,20.9204254,21.9820919,21.5767651,0.0185717009,5,94.8000031,94.7600021,3,3918607434,2017-03-17 19:57:53 2017-03-17 19:58:53 2017-03-17 19:59:53,None,None
26020,1000001-JPLUS-00753-v2_rSDSS_swp,rSDSS,134.6159,30.4428,1.12655997,21.6772881,21.3664455,22.4281101,23.6128731,0.0132721998,5,36.6599998,36.6300011,3,698226407,2017-03-17 20:04:27 2017-03-17 20:05:07 2017-03-17 20:05:46,None,None
30224,1000001-JPLUS-00753-v2_J0660_swp,J0660,134.6159,30.4428,1.12228,21.0537357,20.7387619,21.8004265,21.0641441,0.0120486002,5,145.710007,145.559998,3,2019510275,2017-03-17 20:12:08 2017-03-17 20:13:25 2017-03-17 20:14:44,None,None
26555,1000001-JPLUS-00753-v2_iSDSS_swp,iSDSS,134.6159,30.4428,1.07833004,20.6468544,20.2885056,21.350172,23.2880001,0.0120599,5,15.3599997,15.3299999,3,1703546131,2017-03-17 19:45:39 2017-03-17 19:46:13 2017-03-17 19:46:45,None,None
28131,1000001-JPLUS-00753-v2_J0861_swp,J0861,134.6159,30.4428,1.04817998,20.5935135,20.2043743,21.2660408,21.5414162,0.00422240002,5,93.9899979,93.9400024,3,1960079243,2017-03-17 19:54:44 2017-03-17 19:55:43 2017-03-17 19:56:43,None,None
31791,1000001-JPLUS-00753-v2_zSDSS_swp,zSDSS,134.6159,30.4428,1.05509996,20.4075966,20.0256023,21.0872669,22.7406464,0.00418082019,5,32.4000015,32.3600006,3,1941579952,2017-03-17 20:24:19 2017-03-17 20:24:58 2017-03-17 20:25:36,None,None
27088,1000001-JPLUS-00754-v2_uJAVA_swp,uJAVA,136.2168,30.4428,1.52207005,21.0043449,21.0202045,22.0818691,21.1336842,0.0342415012,5,140.009995,139.350006,3,3104441530,2017-03-19 19:52:42 2017-03-19 19:53:57 2017-03-19 19:55:11,None,None
29703,1000001-JPLUS-00754-v2_J0378_swp,J0378,136.2168,30.4428,1.39456999,21.0167198,20.9375916,21.999258,20.4510555,0.0329307988,5,237.089996,236.520004,3,1512073897,2017-03-19 20:12:03 2017-03-19 20:13:50 2017-03-19 20:15:36,None,None
31273,1000001-JPLUS-00754-v2_J0395_swp,J0395,136.2168,30.4428,1.33235002,21.0850677,20.9563866,22.0180511,20.3495655,0.034648601,5,263.790009,263.019989,3,3484490107,2017-03-19 20:23:59 2017-03-19 20:25:57 2017-03-19 20:27:53,None,None
29193,1000001-JPLUS-00754-v2_J0410_swp,J0410,136.2168,30.4428,1.39943004,21.0365658,20.961216,22.0228806,21.3207092,0.0202338994,5,114.209999,113.75,3,1849713507,2017-03-19 20:06:16 2017-03-19 20:07:21 2017-03-19 20:08:26,None,None
27606,1000001-JPLUS-00754-v2_J0430_swp,J0430,136.2168,30.4428,1.54410994,20.9588852,20.9903526,22.0520191,21.3937187,0.0200111996,5,111.510002,111.349998,3,3157594244,2017-03-19 19:56:31 2017-03-19 19:57:35 2017-03-19 19:58:39,None,None
30748,1000001-JPLUS-00754-v2_gSDSS_swp,gSDSS,136.2168,30.4428,1.17086995,22.0110188,21.7420616,22.8037281,23.5954533,0.0192923006,5,38.4599991,38.4300003,3,444476190,2017-03-19 20:21:44 2017-03-19 20:22:24 2017-03-19 20:23:05,None,None
28658,1000001-JPLUS-00754-v2_J0515_swp,J0515,136.2168,30.4428,1.32196999,21.0674915,20.9303188,21.9919834,21.5432205,0.0208615996,5,96.8099976,96.6600037,3,1734305555,2017-03-19 20:03:11 2017-03-19 20:04:12 2017-03-19 20:05:12,None,None
26022,1000001-JPLUS-00754-v2_rSDSS_swp,rSDSS,136.2168,30.4428,1.27012002,21.5509663,21.3703499,22.4320145,23.5878487,0.0165330004,5,38.4300003,38.3800011,3,2260732366,2017-03-19 20:09:47 2017-03-19 20:10:27 2017-03-19 20:11:07,None,None
30222,1000001-JPLUS-00754-v2_J0660_swp,J0660,136.2168,30.4428,1.14266002,21.0602055,20.7647705,21.8264351,21.0449486,0.0139932996,5,148.800003,148.589996,3,2607956549,2017-03-19 20:17:38 2017-03-19 20:18:56 2017-03-19 20:20:14,None,None
26563,1000001-JPLUS-00754-v2_iSDSS_swp,iSDSS,136.2168,30.4428,1.11146998,20.5666618,20.2411766,21.3028431,23.2409992,0.0130016999,5,15.6599998,15.6400003,3,3067075561,2017-03-19 19:50:46 2017-03-19 19:51:20 2017-03-19 19:51:53,None,None
28134,1000001-JPLUS-00754-v2_J0861_swp,J0861,136.2168,30.4428,1.37416005,20.5355339,20.4403992,21.5020657,21.5364933,0.00394927012,5,189.479996,174.210007,6,3703378828,2017-02-26 01:03:04 2017-02-26 01:04:03 2017-02-26 01:05:02 2017-03-19 19:59:59 2017-03-19 20:00:59 2017-03-19 20:02:01,None,None
31792,1000001-JPLUS-00754-v2_zSDSS_swp,zSDSS,136.2168,30.4428,1.05669999,20.2805328,19.9001846,20.9618492,22.6279411,0.0037970501,5,33,32.9500008,3,2598199010,2017-03-19 20:30:03 2017-03-19 20:30:42 2017-03-19 20:31:21,None,None
27082,1000001-JPLUS-00752-v2_uJAVA_swp,uJAVA,133.015,30.4428,1.30557001,21.1792679,21.0285416,22.0902061,21.2253189,0.0295349993,5,134.910004,134.089996,3,3912871158,2017-02-26 21:45:51 2017-02-26 21:47:04 2017-02-26 21:48:20,None,None
29701,1000001-JPLUS-00752-v2_J0378_swp,J0378,133.015,30.4428,1.35925996,21.0601273,20.9531555,22.0148201,20.5374527,0.0280853994,5,229.800003,229.279999,3,3139160697,2017-02-26 22:05:08 2017-02-26 22:06:54 2017-02-26 22:08:38,None,None
31272,1000001-JPLUS-00752-v2_J0395_swp,J0395,133.015,30.4428,1.27635002,21.1892319,21.0139275,22.0755939,20.4295883,0.0309423003,5,256.200012,255.330002,3,2313762078,2017-02-26 22:16:51 2017-02-26 22:18:47 2017-02-26 22:20:39,None,None
29180,1000001-JPLUS-00752-v2_J0410_swp,J0410,133.015,30.4428,1.43895996,21.0605297,21.0154247,22.0770893,21.4025459,0.0195477996,5,111,110.459999,3,3192417322,2017-02-26 21:59:22 2017-02-26 22:00:28 2017-02-26 22:01:34,None,None
27604,1000001-JPLUS-00752-v2_J0430_swp,J0430,133.015,30.4428,1.19202995,21.2848969,21.035387,22.0970535,21.4653015,0.0183268003,5,108.599998,108.559998,3,3544051468,2017-02-26 21:49:38 2017-02-26 21:50:42 2017-02-26 21:51:45,None,None
30746,1000001-JPLUS-00752-v2_gSDSS_swp,gSDSS,133.015,30.4428,1.25352001,21.9407825,21.7458839,22.8075485,23.6535034,0.0188056007,5,36.2999992,36.25,3,4101168542,2017-02-26 22:14:38 2017-02-26 22:15:18 2017-02-26 22:15:57,None,None
28656,1000001-JPLUS-00752-v2_J0515_swp,J0515,133.015,30.4428,1.22054005,21.2068157,20.9829674,22.044632,21.6032314,0.0212858003,5,94.5899963,93.9700012,3,2922061985,2017-02-26 21:56:18 2017-02-26 21:57:19 2017-02-26 21:58:19,None,None
26023,1000001-JPLUS-00752-v2_rSDSS_swp,rSDSS,133.015,30.4428,1.36468995,21.5035686,21.4009247,22.4625912,23.6254768,0.0111317001,5,36.4799995,36.3300018,3,477212896,2017-02-26 22:02:54 2017-02-26 22:03:34 2017-02-26 22:04:14,None,None
30225,1000001-JPLUS-00752-v2_J0660_swp,J0660,133.015,30.4428,1.12019002,21.1060352,20.7890358,21.8507023,21.0672054,0.0105521996,5,145.410004,145.360001,3,3009356051,2017-02-26 22:10:37 2017-02-26 22:11:55 2017-02-26 22:13:12,None,None
26561,1000001-JPLUS-00752-v2_iSDSS_swp,iSDSS,133.015,30.4428,1.05056,20.683548,20.2968731,21.3585377,23.2740002,0.0117792999,5,15.3000002,15.25,3,2596992902,2017-02-26 21:43:55 2017-02-26 21:44:29 2017-02-26 21:45:02,None,None
28130,1000001-JPLUS-00752-v2_J0861_swp,J0861,133.015,30.4428,1.07397997,20.5483074,20.1855698,21.2472343,21.5391655,0.00363254012,5,93.8099976,93.7099991,3,2620818161,2017-02-26 21:53:04 2017-02-26 21:54:07 2017-02-26 21:55:07,None,None
31790,1000001-JPLUS-00752-v2_zSDSS_swp,zSDSS,133.015,30.4428,1.09744,20.3761311,20.0368557,21.0985203,22.6912079,0.00344166998,5,32.3100014,32.2599983,3,1894800685,2017-02-26 22:22:47 2017-02-26 22:23:28 2017-02-26 22:24:06,None,None
27079,1000001-JPLUS-00749-v2_uJAVA_swp,uJAVA,128.2125,30.4428,1.28599,21.2271729,21.0600376,22.1217041,21.2170906,0.0254944004,5,135,134.820007,3,4053928812,2017-02-20 23:10:15 2017-02-20 23:11:29 2017-02-20 23:12:41,None,None
29699,1000001-JPLUS-00749-v2_J0378_swp,J0378,128.2125,30.4428,1.46984994,20.986557,20.96451,22.0261765,20.5257072,0.0263414998,5,229.889999,228.949997,3,4133867290,2017-02-20 23:29:21 2017-02-20 23:31:06 2017-02-20 23:32:53,None,None
31270,1000001-JPLUS-00749-v2_J0395_swp,J0395,128.2125,30.4428,1.34057999,21.1214886,20.9994907,22.0611572,20.4106922,0.0251793992,5,256.410004,256.26001,3,1463018157,2017-02-20 23:41:05 2017-02-20 23:43:01 2017-02-20 23:44:54,None,None
29176,1000001-JPLUS-00749-v2_J0410_swp,J0410,128.2125,30.4428,1.46654999,21.0345078,21.0100212,22.0716877,21.3971424,0.0167479999,5,111.089996,110.660004,3,3409592555,2017-02-20 23:23:38 2017-02-20 23:24:42 2017-02-20 23:25:46,None,None
27603,1000001-JPLUS-00749-v2_J0430_swp,J0430,128.2125,30.4428,1.26514995,21.2213745,21.0365009,22.0981674,21.4664154,0.0152861001,5,108.690002,108.620003,3,3596159641,2017-02-20 23:13:59 2017-02-20 23:15:03 2017-02-20 23:16:07,None,None
30743,1000001-JPLUS-00749-v2_gSDSS_swp,gSDSS,128.2125,30.4428,1.26954997,21.9108067,21.7297039,22.7913685,23.6506882,0.0200343002,5,36.3600006,36.3499985,3,3306613896,2017-02-20 23:38:52 2017-02-20 23:39:32 2017-02-20 23:40:11,None,None
28652,1000001-JPLUS-00749-v2_J0515_swp,J0515,128.2125,30.4428,1.47713995,20.9889793,20.9723053,22.0339699,21.6056938,0.0202488005,5,94.5899963,94.4899979,3,960899610,2017-02-20 23:20:34 2017-02-20 23:21:33 2017-02-20 23:22:34,None,None
26024,1000001-JPLUS-00749-v2_rSDSS_swp,rSDSS,128.2125,30.4428,1.32468998,21.5423069,21.4073639,22.4690304,23.6405869,0.0123365,5,36.5099983,36.3899994,3,830210757,2017-02-20 23:27:06 2017-02-20 23:27:45 2017-02-20 23:28:27,None,None
30220,1000001-JPLUS-00749-v2_J0660_swp,J0660,128.2125,30.4428,1.27333999,20.9782047,20.8003387,21.8620033,21.0865211,0.0101242997,5,145.410004,145.25,3,3527262810,2017-02-20 23:34:52 2017-02-20 23:36:08 2017-02-20 23:37:26,None,None
26569,1000001-JPLUS-00749-v2_iSDSS_swp,iSDSS,128.2125,30.4428,1.04921997,20.7904892,20.4024277,21.4640923,23.3040009,0.0108286999,5,15.3299999,15.3199997,3,4205877827,2017-02-20 23:08:20 2017-02-20 23:08:54 2017-02-20 23:09:26,None,None
28127,1000001-JPLUS-00749-v2_J0861_swp,J0861,128.2125,30.4428,1.19319999,20.5113125,20.262867,21.3245316,21.5636749,0.00434079999,5,93.8099976,93.5899963,3,1692832757,2017-02-20 23:17:25 2017-02-20 23:18:24 2017-02-20 23:19:24,None,None
31787,1000001-JPLUS-00749-v2_zSDSS_swp,zSDSS,128.2125,30.4428,1.12986004,20.4276676,20.1200008,21.1816673,22.7522717,0.00445561018,5,32.3100014,32.2999992,3,742004822,2017-02-20 23:47:01 2017-02-20 23:47:41 2017-02-20 23:48:21,None,None
27078,1000001-JPLUS-00747-v2_uJAVA_swp,uJAVA,125.0107,30.4428,1.40612996,20.9813824,20.9112186,21.9728832,21.1101627,0.0361124985,5,135.210007,134.720001,3,1490555024,2017-02-26 19:40:46 2017-02-26 19:42:00 2017-02-26 19:43:13,None,None
29697,1000001-JPLUS-00747-v2_J0378_swp,J0378,125.0107,30.4428,1.42211998,20.9583836,20.9004974,21.962162,20.4771481,0.0333141983,5,230.190002,229.929993,3,516166151,2017-02-26 19:59:59 2017-02-26 20:01:43 2017-02-26 20:03:28,None,None
31265,1000001-JPLUS-00747-v2_J0395_swp,J0395,125.0107,30.4428,1.46712005,20.9766941,20.9526291,22.0142956,20.3903122,0.0351990983,5,256.589996,255.619995,3,3560918350,2017-02-26 20:11:41 2017-02-26 20:13:34 2017-02-26 20:15:27,None,None
29175,1000001-JPLUS-00747-v2_J0410_swp,J0410,125.0107,30.4428,1.34939003,21.0339813,20.919096,21.9807625,21.3331604,0.0237128995,5,111.209999,110.970001,3,1686294555,2017-02-26 19:54:15 2017-02-26 19:55:19 2017-02-26 19:56:23,None,None
27602,1000001-JPLUS-00747-v2_J0430_swp,J0430,125.0107,30.4428,1.33041,21.0922108,20.9619465,22.0236111,21.4022999,0.0215038005,5,108.809998,108.019997,3,2310282182,2017-02-26 19:44:31 2017-02-26 19:45:35 2017-02-26 19:46:38,None,None
30739,1000001-JPLUS-00747-v2_gSDSS_swp,gSDSS,125.0107,30.4428,1.30297005,21.8307743,21.6778831,22.7395477,23.6168747,0.0240839999,5,36.3899994,36.3400002,3,4140168914,2017-02-26 20:09:28 2017-02-26 20:10:08 2017-02-26 20:10:47,None,None
28647,1000001-JPLUS-00747-v2_J0515_swp,J0515,125.0107,30.4428,1.36082995,21.0165215,20.9108028,21.9724693,21.5571613,0.0271573998,5,94.7099991,94.6200027,3,3367648275,2017-02-26 19:51:11 2017-02-26 19:52:12 2017-02-26 19:53:12,None,None
26025,1000001-JPLUS-00747-v2_rSDSS_swp,rSDSS,125.0107,30.4428,1.31768,21.506361,21.3656578,22.4273224,23.5978813,0.0162783004,5,36.5400009,36.3800011,3,2567963018,2017-02-26 19:57:44 2017-02-26 19:58:24 2017-02-26 19:59:04,None,None
30216,1000001-JPLUS-00747-v2_J0660_swp,J0660,125.0107,30.4428,1.18940997,20.9885559,20.7366562,21.7983227,21.0504265,0.0143855996,5,145.5,145.029999,3,3920289786,2017-02-26 20:05:27 2017-02-26 20:06:45 2017-02-26 20:08:01,None,None
26574,1000001-JPLUS-00747-v2_iSDSS_swp,iSDSS,125.0107,30.4428,1.09091997,20.5496521,20.2039051,21.2655716,23.2399998,0.0136251003,5,15.3299999,15.3199997,3,3540087526,2017-02-26 19:38:48 2017-02-26 19:39:23 2017-02-26 19:39:57,None,None
28124,1000001-JPLUS-00747-v2_J0861_swp,J0861,125.0107,30.4428,1.26090002,20.6898041,20.5012779,21.5629425,21.5310154,0.00391699979,5,187.589996,185.479996,6,2623255928,2017-02-25 23:56:59 2017-02-25 23:57:58 2017-02-25 23:58:57 2017-02-26 19:47:57 2017-02-26 19:49:00 2017-02-26 19:50:01,None,None
31784,1000001-JPLUS-00747-v2_zSDSS_swp,zSDSS,125.0107,30.4428,1.16091001,20.1595726,19.88134,20.9430065,22.6719055,0.00356311002,5,32.4000015,32.3699989,3,565227820,2017-02-26 20:17:35 2017-02-26 20:18:15 2017-02-26 20:18:54,None,None
27077,1000001-JPLUS-00746-v2_uJAVA_swp,uJAVA,123.4099,30.4428,2.05224991,20.7271271,21.0674744,22.1291389,21.2511711,0.0273141004,5,134.910004,134.639999,3,2579508111,2017-02-20 21:25:14 2017-02-20 21:26:29 2017-02-20 21:27:44,None,None
29696,1000001-JPLUS-00746-v2_J0378_swp,J0378,123.4099,30.4428,1.38047004,21.0947342,21.0045738,22.0662384,20.5696526,0.0296580009,5,229.710007,229.339996,3,1275992328,2017-02-20 21:44:28 2017-02-20 21:46:13 2017-02-20 21:47:59,None,None
31264,1000001-JPLUS-00746-v2_J0395_swp,J0395,123.4099,30.4428,1.17304003,21.3106956,21.0437489,22.1054153,20.4638481,0.0317100994,5,256.109985,255.729996,3,3404173543,2017-02-20 21:56:16 2017-02-20 21:58:09 2017-02-20 22:00:04,None,None
29173,1000001-JPLUS-00746-v2_J0410_swp,J0410,123.4099,30.4428,1.45431995,21.0587349,21.025156,22.0868225,21.4303131,0.0192716997,5,111,110.699997,3,3543064905,2017-02-20 21:38:45 2017-02-20 21:39:51 2017-02-20 21:40:56,None,None
27600,1000001-JPLUS-00746-v2_J0430_swp,J0430,123.4099,30.4428,1.91261005,20.789917,21.0537548,22.1154194,21.5010128,0.0172189008,5,108.599998,108.57,3,3582928434,2017-02-20 21:29:02 2017-02-20 21:30:08 2017-02-20 21:31:11,None,None
30741,1000001-JPLUS-00746-v2_gSDSS_swp,gSDSS,123.4099,30.4428,1.21305001,21.980341,21.7498093,22.8114738,23.6743317,0.0227000006,5,36.2700005,36.2400017,3,2636687205,2017-02-20 21:53:59 2017-02-20 21:54:41 2017-02-20 21:55:22,None,None
28648,1000001-JPLUS-00746-v2_J0515_swp,J0515,123.4099,30.4428,1.59925997,20.9192448,20.9888153,22.0504799,21.630867,0.0236636996,5,94.5,94.0899963,3,3557661117,2017-02-20 21:35:44 2017-02-20 21:36:43 2017-02-20 21:37:41,None,None
26026,1000001-JPLUS-00746-v2_rSDSS_swp,rSDSS,123.4099,30.4428,1.08385003,21.7897148,21.4369087,22.4985752,23.6336555,0.0133680003,5,36.4500008,36.4399986,3,838748526,2017-02-20 21:42:15 2017-02-20 21:42:55 2017-02-20 21:43:34,None,None
30217,1000001-JPLUS-00746-v2_J0660_swp,J0660,123.4099,30.4428,1.20088995,21.0602112,20.8187408,21.8804073,21.0807056,0.0105895,5,145.289993,145.220001,3,824038578,2017-02-20 21:49:58 2017-02-20 21:51:15 2017-02-20 21:52:31,None,None
26571,1000001-JPLUS-00746-v2_iSDSS_swp,iSDSS,123.4099,30.4428,1.31229997,20.5431099,20.3979645,21.459631,23.2989998,0.0103526004,5,15.3000002,15.2799997,3,2430991674,2017-02-20 21:23:18 2017-02-20 21:23:53 2017-02-20 21:24:26,None,None
28123,1000001-JPLUS-00746-v2_J0861_swp,J0861,123.4099,30.4428,1.37879002,20.4025345,20.3110523,21.3727188,21.5522442,0.00384415011,5,93.6900024,93.5899963,3,2975136844,2017-02-20 21:32:30 2017-02-20 21:33:32 2017-02-20 21:34:34,None,None
31785,1000001-JPLUS-00746-v2_zSDSS_swp,zSDSS,123.4099,30.4428,0.973205984,20.5759487,20.1062336,21.1678982,22.7322769,0.00382291991,5,32.3100014,32.2900009,3,52523375,2017-02-20 22:02:11 2017-02-20 22:02:51 2017-02-20 22:03:32,None,None
27081,1000001-JPLUS-00748-v2_uJAVA_swp,uJAVA,126.6116,30.4428,1.25320995,20.9949856,20.7998161,21.8614826,20.9658241,0.0299162008,5,134.610001,133.679993,3,3845665203,2017-02-21 21:11:54 2017-02-21 21:13:07 2017-02-21 21:14:20,None,None
29698,1000001-JPLUS-00748-v2_J0378_swp,J0378,126.6116,30.4428,1.12504005,20.9715919,20.6592827,21.7209492,20.2397652,0.0307668,5,229.289993,226.220001,3,1156703968,2017-02-21 21:31:05 2017-02-21 21:32:50 2017-02-21 21:34:37,None,None
31267,1000001-JPLUS-00748-v2_J0395_swp,J0395,126.6116,30.4428,1.07297003,21.0782185,20.7144604,21.776125,20.1301193,0.0272467993,5,255.690002,254.690002,3,1711952509,2017-02-21 21:42:51 2017-02-21 21:44:45 2017-02-21 21:46:39,None,None
29178,1000001-JPLUS-00748-v2_J0410_swp,J0410,126.6116,30.4428,1.07669997,21.068819,20.708828,21.7704926,21.1211166,0.0219675004,5,110.790001,109.889999,3,3759241597,2017-02-21 21:25:19 2017-02-21 21:26:25 2017-02-21 21:27:30,None,None
27599,1000001-JPLUS-00748-v2_J0430_swp,J0430,126.6116,30.4428,1.19808996,21.0307884,20.7867832,21.8484478,21.2236671,0.0193591993,5,108.389999,108.080002,3,343987307,2017-02-21 21:15:37 2017-02-21 21:16:42 2017-02-21 21:17:48,None,None
30742,1000001-JPLUS-00748-v2_gSDSS_swp,gSDSS,126.6116,30.4428,1.04921997,21.8277664,21.4397049,22.5013695,23.3721428,0.0215291996,5,36.1800003,36.1599998,3,1689650764,2017-02-21 21:40:37 2017-02-21 21:41:17 2017-02-21 21:41:58,None,None
28651,1000001-JPLUS-00748-v2_J0515_swp,J0515,126.6116,30.4428,1.13202,21.0060806,20.7004871,21.7621517,21.3554058,0.0237594005,5,94.4100037,93.6100006,3,3898451053,2017-02-21 21:22:16 2017-02-21 21:23:16 2017-02-21 21:24:16,None,None
26028,1000001-JPLUS-00748-v2_rSDSS_swp,rSDSS,126.6116,30.4428,1.02587998,21.5178719,21.1053848,22.1670513,23.3449001,0.0145308003,5,36.3600006,36.1899986,3,4004452359,2017-02-21 21:28:50 2017-02-21 21:29:30 2017-02-21 21:30:10,None,None
30219,1000001-JPLUS-00748-v2_J0660_swp,J0660,126.6116,30.4428,1.04296994,20.9167881,20.5222397,21.5839043,20.8143921,0.0118829999,5,145.110001,144.589996,3,3767109752,2017-02-21 21:36:36 2017-02-21 21:37:55 2017-02-21 21:39:11,None,None
26567,1000001-JPLUS-00748-v2_iSDSS_swp,iSDSS,126.6116,30.4428,1.03678,20.5983772,20.1973648,21.2590313,23.0930004,0.0116798002,5,15.2700005,15.1099997,3,3267147150,2017-02-21 21:09:58 2017-02-21 21:10:32 2017-02-21 21:11:06,None,None
28126,1000001-JPLUS-00748-v2_J0861_swp,J0861,126.6116,30.4428,1.02438998,20.506567,20.0925026,21.1541672,21.3295441,0.00366469007,5,93.5999985,93.3799973,3,2006382276,2017-02-21 21:19:06 2017-02-21 21:20:07 2017-02-21 21:21:07,None,None
31786,1000001-JPLUS-00748-v2_zSDSS_swp,zSDSS,126.6116,30.4428,0.989373982,20.432209,19.9803829,21.0420475,22.4867249,0.00354511989,5,32.3100014,32.1800003,3,3128569115,2017-02-21 21:48:46 2017-02-21 21:49:24 2017-02-21 21:50:01,None,None
27076,1000001-JPLUS-00745-v2_uJAVA_swp,uJAVA,121.809,30.4428,1.26031005,21.1096001,20.9205647,21.9822311,21.1086407,0.0315626003,5,134.490005,134.259995,3,3403414669,2017-02-21 19:08:39 2017-02-21 19:09:53 2017-02-21 19:11:05,None,None
29706,1000001-JPLUS-00745-v2_J0378_swp,J0378,121.809,30.4428,1.29834998,21.0501862,20.8934364,21.9551029,20.470089,0.0307161994,5,229.199997,228.860001,3,1575685358,2017-02-21 19:27:34 2017-02-21 19:29:20 2017-02-21 19:31:07,None,None
31263,1000001-JPLUS-00745-v2_J0395_swp,J0395,121.809,30.4428,1.24620998,21.1687813,20.9675312,22.0291958,20.3920536,0.0299782008,5,255.600006,255.210007,3,3234198300,2017-02-21 19:39:17 2017-02-21 19:41:10 2017-02-21 19:43:02,None,None
29174,1000001-JPLUS-00745-v2_J0410_swp,J0410,121.809,30.4428,1.12120998,21.2525101,20.9365005,21.9981651,21.3576355,0.0226732995,5,110.790001,110.650002,3,2832493833,2017-02-21 19:21:54 2017-02-21 19:22:58 2017-02-21 19:24:02,None,None
27598,1000001-JPLUS-00745-v2_J0430_swp,J0430,121.809,30.4428,1.19459999,21.1998806,20.9527092,22.0143738,21.438839,0.0204700008,5,108.389999,107.959999,3,3184242616,2017-02-21 19:12:22 2017-02-21 19:13:25 2017-02-21 19:14:29,None,None
30740,1000001-JPLUS-00745-v2_gSDSS_swp,gSDSS,121.809,30.4428,1.15842998,21.9450512,21.6644974,22.726162,23.6411514,0.0226913001,5,36.1199989,36.0400009,3,2164737315,2017-02-21 19:37:04 2017-02-21 19:37:44 2017-02-21 19:38:23,None,None
28649,1000001-JPLUS-00745-v2_J0515_swp,J0515,121.809,30.4428,1.17791998,21.212347,20.9499092,22.0115738,21.5948334,0.0261298008,5,94.4100037,94.1900024,3,2454584232,2017-02-21 19:18:55 2017-02-21 19:19:53 2017-02-21 19:20:52,None,None
26029,1000001-JPLUS-00745-v2_rSDSS_swp,rSDSS,121.809,30.4428,1.09669995,21.6968403,21.3568306,22.4184971,23.6120815,0.0146054002,5,36.2999992,36.2700005,3,2161301873,2017-02-21 19:25:21 2017-02-21 19:26:01 2017-02-21 19:26:40,None,None
